account_id,customer_id,account_type,open_date,credit_limit,status,branch_code
ACC-00000001,CUST-1000001,checking,2024-06-09,0,active,BR-134
ACC-00000002,CUST-1000002,loan,2019-12-12,15031,active,BR-113
ACC-00000003,CUST-1000003,credit_card,2019-03-19,15536,closed,BR-179
ACC-00000004,CUST-1000004,savings,2025-04-22,0,active,BR-194
ACC-00000005,CUST-1000005,checking,2021-05-04,0,closed,BR-176
ACC-00000006,CUST-1000006,checking,2021-01-30,0,active,BR-172
ACC-00000007,CUST-1000007,checking,2020-11-24,0,active,BR-155
ACC-00000008,CUST-1000008,credit_card,2020-03-09,1446,closed,
ACC-00000009,CUST-1000009,savings,2025-04-07,0,active,BR-156
ACC-00000010,CUST-1000010,credit_card,2019-11-15,37683,active,BR-149
ACC-00000011,CUST-1000011,checking,2024-10-03,0,active,BR-106
ACC-00000012,CUST-1000012,loan,2025-04-20,49555,dormant,
ACC-00000013,CUST-1000013,credit_card,2023-08-22,18618,suspended,BR-131
ACC-00000014,CUST-1000014,checking,2019-09-28,0,active,BR-119
ACC-00000015,CUST-1000015,checking,2024-01-09,0,active,BR-147
ACC-00000016,CUST-1000016,checking,2022-08-03,0,suspended,BR-141
ACC-00000017,CUST-1000017,checking,2019-04-09,0,active,BR-113
ACC-00000018,CUST-1000018,savings,2019-04-03,0,active,BR-157
ACC-00000019,CUST-1000019,savings,2019-10-19,0,suspended,BR-168
ACC-00000020,CUST-1000020,checking,2020-11-10,0,active,BR-189
ACC-00000021,CUST-1000021,savings,2020-12-23,0,active,BR-148
ACC-00000022,CUST-1000022,checking,2023-04-20,0,active,BR-188
ACC-00000023,CUST-1000023,checking,2024-02-14,0,suspended,BR-111
ACC-00000024,CUST-1000024,checking,2019-03-24,0,dormant,BR-140
ACC-00000025,CUST-1000025,savings,2023-10-10,0,suspended,
ACC-00000026,CUST-1000026,credit_card,2020-09-09,7587,active,BR-170
ACC-00000027,CUST-1000027,checking,2025-02-02,0,closed,BR-132
ACC-00000028,CUST-1000028,savings,2024-07-12,0,closed,BR-160
ACC-00000029,CUST-1000029,savings,2024-12-18,0,active,BR-127
ACC-00000030,CUST-1000030,checking,2023-08-21,0,closed,BR-140
ACC-00000031,CUST-1000031,savings,2022-07-27,0,active,BR-148
ACC-00000032,CUST-1000032,checking,2020-11-15,0,active,BR-169
ACC-00000033,CUST-1000033,checking,2022-10-27,0,active,BR-197
ACC-00000034,CUST-1000034,loan,2024-01-05,32480,active,BR-184
ACC-00000035,CUST-1000035,loan,2021-05-14,33994,active,BR-121
ACC-00000036,CUST-1000036,credit_card,2025-11-19,21527,active,BR-165
ACC-00000037,CUST-1000037,checking,2019-01-21,0,active,
ACC-00000038,CUST-1000038,checking,2025-06-15,0,active,BR-150
ACC-00000039,CUST-1000039,savings,2025-11-08,0,active,BR-185
ACC-00000040,CUST-1000040,savings,2020-05-11,0,active,BR-139
ACC-00000041,CUST-1000041,checking,2024-12-09,0,active,BR-158
ACC-00000042,CUST-1000042,savings,2022-08-06,0,active,BR-163
ACC-00000043,CUST-1000043,checking,2021-11-23,0,active,BR-148
ACC-00000044,CUST-1000044,loan,2021-05-13,24569,active,BR-106
ACC-00000045,CUST-1000045,checking,2020-04-28,0,closed,BR-125
ACC-00000046,CUST-1000046,savings,2020-10-30,0,active,BR-185
ACC-00000047,CUST-1000047,checking,2025-06-30,0,active,
ACC-00000048,CUST-1000048,savings,2021-11-11,0,active,BR-178
ACC-00000049,CUST-1000049,savings,2019-11-14,0,closed,BR-191
ACC-00000050,CUST-1000050,checking,2019-10-16,0,active,BR-139
ACC-00000051,CUST-1000051,loan,2022-03-26,12151,closed,BR-125
ACC-00000052,CUST-1000052,credit_card,2019-10-28,6558,active,BR-165
ACC-00000053,CUST-1000053,loan,2022-01-20,45739,suspended,
ACC-00000054,CUST-1000054,credit_card,2021-12-04,33954,active,BR-171
ACC-00000055,CUST-1000055,savings,2024-02-19,0,dormant,BR-141
ACC-00000056,CUST-1000056,loan,2021-04-01,48448,active,BR-105
ACC-00000057,CUST-1000057,checking,2025-11-12,0,active,BR-122
ACC-00000058,CUST-1000058,checking,2019-05-15,0,active,BR-149
ACC-00000059,CUST-1000059,checking,2025-03-17,0,active,
ACC-00000060,CUST-1000060,checking,2022-11-28,0,active,BR-110
ACC-00000061,CUST-1000061,checking,2023-07-25,0,closed,BR-173
ACC-00000062,CUST-1000062,checking,2020-01-23,0,dormant,
ACC-00000063,CUST-1000063,credit_card,2022-03-22,48327,active,BR-140
ACC-00000064,CUST-1000064,checking,2019-09-02,0,active,BR-184
ACC-00000065,CUST-1000065,checking,2023-09-12,0,active,BR-108
ACC-00000066,CUST-1000066,savings,2021-06-29,0,active,BR-147
ACC-00000067,CUST-1000067,checking,2026-01-20,0,active,BR-181
ACC-00000068,CUST-1000068,credit_card,2024-05-07,44837,active,BR-183
ACC-00000069,CUST-1000069,checking,2024-04-05,0,active,BR-101
ACC-00000070,CUST-1000070,loan,2022-01-28,36303,active,BR-102
ACC-00000071,CUST-1000071,credit_card,2023-11-29,35700,active,BR-126
ACC-00000072,CUST-1000072,checking,2020-08-20,0,active,BR-139
ACC-00000073,CUST-1000073,checking,2024-12-29,0,active,BR-191
ACC-00000074,CUST-1000074,credit_card,2019-08-05,28500,active,BR-107
ACC-00000075,CUST-1000075,credit_card,2019-05-23,3032,dormant,BR-147
ACC-00000076,CUST-1000076,credit_card,2024-08-16,2252,active,BR-103
ACC-00000077,CUST-1000077,credit_card,2020-12-09,6509,active,BR-118
ACC-00000078,CUST-1000078,checking,2025-07-29,0,active,BR-111
ACC-00000079,CUST-1000079,checking,2021-06-18,0,active,BR-115
ACC-00000080,CUST-1000080,checking,2019-09-05,0,suspended,BR-120
ACC-00000081,CUST-1000081,credit_card,2020-12-24,38842,active,BR-133
ACC-00000082,CUST-1000082,savings,2019-11-10,0,active,BR-194
ACC-00000083,CUST-1000083,checking,2022-03-27,0,active,BR-126
ACC-00000084,CUST-1000084,checking,2021-05-13,0,closed,BR-102
ACC-00000085,CUST-1000085,checking,2022-11-09,0,suspended,BR-124
ACC-00000086,CUST-1000086,checking,2024-05-29,0,active,BR-125
ACC-00000087,CUST-1000087,credit_card,2022-02-07,14900,active,
ACC-00000088,CUST-1000088,savings,2020-05-20,0,active,BR-160
ACC-00000089,CUST-1000089,credit_card,2022-02-24,15523,dormant,BR-108
ACC-00000090,CUST-1000090,savings,2022-01-08,0,active,BR-149
ACC-00000091,CUST-1000091,checking,2020-10-12,0,suspended,BR-159
ACC-00000092,CUST-1000092,credit_card,2024-09-13,2881,active,BR-110
ACC-00000093,CUST-1000093,credit_card,2021-04-09,34037,active,BR-172
ACC-00000094,CUST-1000094,savings,2024-12-20,0,active,BR-197
ACC-00000095,CUST-1000095,credit_card,2024-10-24,2630,active,BR-175
ACC-00000096,CUST-1000096,savings,2024-07-06,0,active,BR-189
ACC-00000097,CUST-1000097,savings,2019-08-10,0,active,BR-127
ACC-00000098,CUST-1000098,savings,2024-03-07,0,active,BR-161
ACC-00000099,CUST-1000099,checking,2024-05-26,0,active,BR-134
ACC-00000100,CUST-1000100,checking,2020-06-15,0,active,BR-140
ACC-00000101,CUST-1000101,checking,2023-07-18,0,active,BR-181
ACC-00000102,CUST-1000102,savings,2025-03-15,0,dormant,BR-156
ACC-00000103,CUST-1000103,checking,2021-01-30,0,closed,BR-121
ACC-00000104,CUST-1000104,savings,2020-05-22,0,suspended,BR-110
ACC-00000105,CUST-1000105,loan,2022-12-07,21789,dormant,BR-190
ACC-00000106,CUST-1000106,checking,2022-03-24,0,active,BR-183
ACC-00000107,CUST-1000107,savings,2021-04-18,0,active,BR-133
ACC-00000108,CUST-1000108,credit_card,2024-06-11,23523,active,BR-139
ACC-00000109,CUST-1000109,checking,2024-11-08,0,active,
ACC-00000110,CUST-1000110,checking,2023-09-27,0,active,BR-169
ACC-00000111,CUST-1000111,checking,2020-11-13,0,closed,BR-100
ACC-00000112,CUST-1000112,checking,2024-10-28,0,active,BR-186
ACC-00000113,CUST-1000113,loan,2021-10-04,18958,active,
ACC-00000114,CUST-1000114,credit_card,2025-07-15,47151,active,BR-157
ACC-00000115,CUST-1000115,savings,2025-08-07,0,active,BR-137
ACC-00000116,CUST-1000116,credit_card,2019-06-23,49920,active,BR-120
ACC-00000117,CUST-1000117,credit_card,2020-12-12,44852,active,
ACC-00000118,CUST-1000118,checking,2025-12-28,0,closed,BR-145
ACC-00000119,CUST-1000119,credit_card,2019-04-10,2695,active,BR-199
ACC-00000120,CUST-1000120,savings,2025-11-06,0,active,BR-138
ACC-00000121,CUST-1000121,credit_card,2021-09-07,15821,closed,BR-176
ACC-00000122,CUST-1000122,credit_card,2022-05-31,4262,dormant,BR-196
ACC-00000123,CUST-1000123,checking,2021-04-11,0,closed,BR-190
ACC-00000124,CUST-1000124,checking,2019-07-25,0,closed,BR-190
ACC-00000125,CUST-1000125,checking,2020-10-17,0,active,BR-145
ACC-00000126,CUST-1000126,savings,2023-10-29,0,active,BR-199
ACC-00000127,CUST-1000127,credit_card,2025-02-08,2445,active,BR-161
ACC-00000128,CUST-1000128,credit_card,2021-09-04,17436,active,BR-129
ACC-00000129,CUST-1000129,checking,2020-10-22,0,active,BR-183
ACC-00000130,CUST-1000130,savings,2024-07-29,0,active,
ACC-00000131,CUST-1000131,savings,2023-04-01,0,active,BR-113
ACC-00000132,CUST-1000132,checking,2022-05-14,0,active,BR-186
ACC-00000133,CUST-1000133,checking,2024-06-20,0,active,BR-182
ACC-00000134,CUST-1000134,checking,2022-11-26,0,active,BR-102
ACC-00000135,CUST-1000135,loan,2020-03-19,10949,active,BR-172
ACC-00000136,CUST-1000136,checking,2021-04-02,0,active,BR-144
ACC-00000137,CUST-1000137,savings,2020-03-09,0,closed,BR-162
ACC-00000138,CUST-1000138,credit_card,2021-02-05,24963,active,BR-118
ACC-00000139,CUST-1000139,checking,2025-05-03,0,active,BR-113
ACC-00000140,CUST-1000140,loan,2023-10-11,30932,active,BR-152
ACC-00000141,CUST-1000141,loan,2023-08-02,7901,closed,BR-139
ACC-00000142,CUST-1000142,checking,2021-03-27,0,active,BR-108
ACC-00000143,CUST-1000143,savings,2025-05-09,0,active,
ACC-00000144,CUST-1000144,checking,2023-12-22,0,active,BR-188
ACC-00000145,CUST-1000145,checking,2022-08-24,0,active,BR-152
ACC-00000146,CUST-1000146,checking,2023-12-18,0,closed,BR-158
ACC-00000147,CUST-1000147,savings,2022-05-25,0,active,BR-140
ACC-00000148,CUST-1000148,savings,2022-01-29,0,active,
ACC-00000149,CUST-1000149,checking,2020-11-12,0,closed,BR-107
ACC-00000150,CUST-1000150,checking,2020-03-05,0,closed,BR-185
ACC-00000151,CUST-1000151,loan,2023-05-03,34487,active,BR-154
ACC-00000152,CUST-1000152,checking,2023-03-14,0,closed,BR-161
ACC-00000153,CUST-1000153,checking,2019-10-10,0,active,BR-129
ACC-00000154,CUST-1000154,savings,2025-06-06,0,active,BR-110
ACC-00000155,CUST-1000155,loan,2019-05-27,9597,active,BR-149
ACC-00000156,CUST-1000156,checking,2019-12-07,0,active,BR-120
ACC-00000157,CUST-1000157,savings,2020-04-19,0,active,
ACC-00000158,CUST-1000158,credit_card,2024-05-03,7855,closed,BR-166
ACC-00000159,CUST-1000159,checking,2020-05-12,0,closed,BR-172
ACC-00000160,CUST-1000160,credit_card,2025-09-26,19678,active,BR-167
ACC-00000161,CUST-1000161,checking,2024-10-15,0,closed,BR-197
ACC-00000162,CUST-1000162,savings,2022-08-04,0,active,BR-164
ACC-00000163,CUST-1000163,savings,2024-01-27,0,active,
ACC-00000164,CUST-1000164,savings,2019-07-17,0,active,BR-139
ACC-00000165,CUST-1000165,checking,2022-04-10,0,active,BR-175
ACC-00000166,CUST-1000166,credit_card,2022-03-31,9263,closed,BR-114
ACC-00000167,CUST-1000167,checking,2024-01-26,0,closed,BR-125
ACC-00000168,CUST-1000168,checking,2022-12-25,0,active,BR-121
ACC-00000169,CUST-1000169,checking,2023-07-02,0,active,BR-150
ACC-00000170,CUST-1000170,savings,2021-02-20,0,active,BR-128
ACC-00000171,CUST-1000171,savings,2023-09-15,0,active,BR-154
ACC-00000172,CUST-1000172,checking,2019-02-05,0,dormant,BR-127
ACC-00000173,CUST-1000173,savings,2024-10-14,0,active,BR-175
ACC-00000174,CUST-1000174,checking,2025-02-17,0,active,BR-185
ACC-00000175,CUST-1000175,savings,2019-12-22,0,active,BR-187
ACC-00000176,CUST-1000176,checking,2024-10-19,0,active,BR-154
ACC-00000177,CUST-1000177,savings,2023-07-27,0,active,BR-171
ACC-00000178,CUST-1000178,checking,2025-05-21,0,active,BR-105
ACC-00000179,CUST-1000179,loan,2021-04-08,48288,active,BR-181
ACC-00000180,CUST-1000180,checking,2025-07-15,0,active,BR-111
ACC-00000181,CUST-1000181,checking,2024-06-14,0,dormant,BR-126
ACC-00000182,CUST-1000182,checking,2021-11-22,0,active,BR-164
ACC-00000183,CUST-1000183,loan,2019-12-13,26805,active,BR-198
ACC-00000184,CUST-1000184,credit_card,2021-06-30,27143,suspended,BR-134
ACC-00000185,CUST-1000185,checking,2022-09-12,0,active,BR-183
ACC-00000186,CUST-1000186,savings,2020-05-06,0,suspended,BR-112
ACC-00000187,CUST-1000187,credit_card,2022-11-10,12874,active,BR-148
ACC-00000188,CUST-1000188,savings,2019-01-11,0,active,
ACC-00000189,CUST-1000189,savings,2025-02-21,0,active,BR-142
ACC-00000190,CUST-1000190,checking,2025-02-13,0,active,BR-196
ACC-00000191,CUST-1000191,checking,2021-03-29,0,active,BR-184
ACC-00000192,CUST-1000192,credit_card,2023-04-05,28529,active,BR-163
ACC-00000193,CUST-1000193,loan,2025-06-25,21866,active,BR-153
ACC-00000194,CUST-1000194,savings,2020-07-09,0,active,BR-108
ACC-00000195,CUST-1000195,checking,2023-04-27,0,active,BR-148
ACC-00000196,CUST-1000196,checking,2019-11-27,0,closed,BR-187
ACC-00000197,CUST-1000197,credit_card,2024-04-26,15079,dormant,BR-158
ACC-00000198,CUST-1000198,credit_card,2021-07-16,8243,dormant,BR-140
ACC-00000199,CUST-1000199,credit_card,2024-06-08,30872,active,
ACC-00000200,CUST-1000200,credit_card,2023-04-27,10018,active,BR-118
ACC-00000201,CUST-1000201,savings,2024-03-07,0,active,BR-145
ACC-00000202,CUST-1000202,checking,2020-09-09,0,active,BR-139
ACC-00000203,CUST-1000203,checking,2020-04-19,0,active,BR-175
ACC-00000204,CUST-1000204,credit_card,2022-03-07,13100,active,BR-160
ACC-00000205,CUST-1000205,savings,2025-06-27,0,active,BR-111
ACC-00000206,CUST-1000206,checking,2020-05-16,0,active,BR-132
ACC-00000207,CUST-1000207,checking,2023-08-03,0,active,BR-191
ACC-00000208,CUST-1000208,savings,2025-08-16,0,active,BR-107
ACC-00000209,CUST-1000209,checking,2023-07-06,0,active,BR-145
ACC-00000210,CUST-1000210,checking,2019-01-02,0,dormant,
ACC-00000211,CUST-1000211,savings,2024-02-04,0,active,BR-186
ACC-00000212,CUST-1000212,savings,2021-10-04,0,active,
ACC-00000213,CUST-1000213,savings,2023-02-27,0,active,BR-117
ACC-00000214,CUST-1000214,checking,2019-03-02,0,active,BR-193
ACC-00000215,CUST-1000215,credit_card,2019-12-14,20800,active,BR-135
ACC-00000216,CUST-1000216,checking,2022-02-01,0,active,BR-118
ACC-00000217,CUST-1000217,checking,2025-11-11,0,active,BR-139
ACC-00000218,CUST-1000218,credit_card,2021-08-13,27910,active,BR-196
ACC-00000219,CUST-1000219,savings,2021-01-13,0,active,BR-114
ACC-00000220,CUST-1000220,credit_card,2019-06-29,30437,active,BR-101
ACC-00000221,CUST-1000221,savings,2021-01-18,0,dormant,BR-173
ACC-00000222,CUST-1000222,savings,2023-10-29,0,active,BR-174
ACC-00000223,CUST-1000223,checking,2019-09-02,0,active,BR-113
ACC-00000224,CUST-1000224,checking,2019-09-24,0,suspended,BR-172
ACC-00000225,CUST-1000225,checking,2025-03-23,0,active,BR-127
ACC-00000226,CUST-1000226,checking,2023-02-18,0,active,BR-169
ACC-00000227,CUST-1000227,loan,2025-12-10,38588,active,BR-101
ACC-00000228,CUST-1000228,checking,2019-08-04,0,active,BR-102
ACC-00000229,CUST-1000229,credit_card,2025-06-21,12001,dormant,BR-139
ACC-00000230,CUST-1000230,savings,2023-07-14,0,active,BR-140
ACC-00000231,CUST-1000231,credit_card,2025-07-07,47675,closed,BR-134
ACC-00000232,CUST-1000232,savings,2020-01-26,0,active,BR-154
ACC-00000233,CUST-1000233,savings,2020-02-03,0,active,BR-189
ACC-00000234,CUST-1000234,savings,2024-08-11,0,active,BR-161
ACC-00000235,CUST-1000235,checking,2023-01-16,0,active,BR-194
ACC-00000236,CUST-1000236,credit_card,2023-09-05,20942,active,BR-123
ACC-00000237,CUST-1000237,checking,2020-05-28,0,closed,BR-127
ACC-00000238,CUST-1000238,checking,2021-04-03,0,active,BR-117
ACC-00000239,CUST-1000239,savings,2023-06-28,0,dormant,BR-144
ACC-00000240,CUST-1000240,checking,2024-02-28,0,active,BR-152
ACC-00000241,CUST-1000241,loan,2022-08-07,21862,closed,BR-129
ACC-00000242,CUST-1000242,loan,2020-10-20,12669,active,BR-197
ACC-00000243,CUST-1000243,loan,2023-08-03,16916,active,BR-166
ACC-00000244,CUST-1000244,checking,2025-06-04,0,closed,BR-178
ACC-00000245,CUST-1000245,checking,2025-03-17,0,active,BR-122
ACC-00000246,CUST-1000246,loan,2024-11-13,11878,active,BR-147
ACC-00000247,CUST-1000247,savings,2020-09-16,0,active,
ACC-00000248,CUST-1000248,loan,2025-01-24,3985,active,BR-199
ACC-00000249,CUST-1000249,loan,2021-08-26,33369,suspended,BR-123
ACC-00000250,CUST-1000250,credit_card,2022-05-24,9112,active,BR-155
ACC-00000251,CUST-1000251,checking,2024-09-17,0,active,BR-106
ACC-00000252,CUST-1000252,checking,2024-07-12,0,active,BR-155
ACC-00000253,CUST-1000253,credit_card,2022-03-06,42235,active,BR-146
ACC-00000254,CUST-1000254,checking,2022-09-23,0,active,BR-128
ACC-00000255,CUST-1000255,checking,2023-05-28,0,active,BR-117
ACC-00000256,CUST-1000256,savings,2022-11-03,0,active,BR-142
ACC-00000257,CUST-1000257,loan,2020-01-11,19931,active,BR-190
ACC-00000258,CUST-1000258,savings,2021-02-09,0,active,BR-148
ACC-00000259,CUST-1000259,savings,2020-11-29,0,active,BR-163
ACC-00000260,CUST-1000260,checking,2019-07-18,0,active,BR-133
ACC-00000261,CUST-1000261,savings,2021-11-16,0,active,BR-155
ACC-00000262,CUST-1000262,loan,2019-03-07,28340,active,BR-164
ACC-00000263,CUST-1000263,checking,2024-01-02,0,active,BR-149
ACC-00000264,CUST-1000264,savings,2023-09-17,0,active,BR-187
ACC-00000265,CUST-1000265,credit_card,2020-12-15,1336,active,BR-174
ACC-00000266,CUST-1000266,credit_card,2024-01-03,43933,active,BR-125
ACC-00000267,CUST-1000267,savings,2020-11-15,0,active,
ACC-00000268,CUST-1000268,credit_card,2019-01-23,20363,active,
ACC-00000269,CUST-1000269,checking,2019-08-09,0,active,BR-150
ACC-00000270,CUST-1000270,checking,2025-01-08,0,active,
ACC-00000271,CUST-1000271,credit_card,2024-05-14,46536,active,BR-114
ACC-00000272,CUST-1000272,credit_card,2019-07-02,4968,closed,BR-141
ACC-00000273,CUST-1000273,credit_card,2020-12-12,34678,active,BR-136
ACC-00000274,CUST-1000274,loan,2019-07-29,49400,active,BR-134
ACC-00000275,CUST-1000275,savings,2019-04-08,0,active,BR-167
ACC-00000276,CUST-1000276,savings,2021-10-23,0,active,BR-172
ACC-00000277,CUST-1000277,credit_card,2019-08-09,17279,active,BR-176
ACC-00000278,CUST-1000278,savings,2023-05-17,0,dormant,BR-116
ACC-00000279,CUST-1000279,credit_card,2021-01-09,4129,active,BR-121
ACC-00000280,CUST-1000280,credit_card,2021-05-15,39215,active,BR-136
ACC-00000281,CUST-1000281,credit_card,2024-09-09,39897,active,BR-112
ACC-00000282,CUST-1000282,checking,2023-02-17,0,active,BR-185
ACC-00000283,CUST-1000283,checking,2020-10-27,0,active,BR-186
ACC-00000284,CUST-1000284,checking,2023-08-03,0,active,BR-141
ACC-00000285,CUST-1000285,savings,2020-02-16,0,active,BR-150
ACC-00000286,CUST-1000286,checking,2025-02-25,0,active,BR-184
ACC-00000287,CUST-1000287,savings,2023-11-10,0,active,BR-120
ACC-00000288,CUST-1000288,savings,2023-11-26,0,active,BR-167
ACC-00000289,CUST-1000289,checking,2023-01-08,0,active,BR-191
ACC-00000290,CUST-1000290,savings,2021-01-24,0,active,BR-198
ACC-00000291,CUST-1000291,checking,2025-09-03,0,active,BR-197
ACC-00000292,CUST-1000292,checking,2023-01-09,0,active,BR-150
ACC-00000293,CUST-1000293,credit_card,2025-11-13,6850,active,BR-198
ACC-00000294,CUST-1000294,checking,2022-06-18,0,active,BR-185
ACC-00000295,CUST-1000295,checking,2020-08-14,0,closed,BR-118
ACC-00000296,CUST-1000296,savings,2019-10-21,0,active,BR-184
ACC-00000297,CUST-1000297,credit_card,2019-10-29,21588,active,BR-104
ACC-00000298,CUST-1000298,checking,2024-08-09,0,active,BR-135
ACC-00000299,CUST-1000299,savings,2022-09-01,0,active,BR-163
ACC-00000300,CUST-1000300,checking,2022-01-05,0,active,BR-197
ACC-00000301,CUST-1000301,checking,2022-08-09,0,active,BR-144
ACC-00000302,CUST-1000302,savings,2022-07-01,0,suspended,BR-120
ACC-00000303,CUST-1000303,savings,2022-12-21,0,active,BR-191
ACC-00000304,CUST-1000304,savings,2025-03-15,0,active,
ACC-00000305,CUST-1000305,credit_card,2019-06-18,41214,active,BR-140
ACC-00000306,CUST-1000306,loan,2024-09-23,12949,closed,BR-111
ACC-00000307,CUST-1000307,savings,2024-07-23,0,active,BR-118
ACC-00000308,CUST-1000308,checking,2024-06-30,0,closed,BR-151
ACC-00000309,CUST-1000309,credit_card,2019-11-02,9519,active,BR-154
ACC-00000310,CUST-1000310,checking,2019-07-08,0,closed,BR-174
ACC-00000311,CUST-1000311,savings,2022-06-04,0,active,BR-187
ACC-00000312,CUST-1000312,checking,2025-03-12,0,closed,BR-126
ACC-00000313,CUST-1000313,checking,2021-11-20,0,active,BR-180
ACC-00000314,CUST-1000314,loan,2025-10-23,27375,closed,BR-177
ACC-00000315,CUST-1000315,credit_card,2019-12-06,34082,active,BR-191
ACC-00000316,CUST-1000316,savings,2021-02-11,0,active,BR-103
ACC-00000317,CUST-1000317,savings,2020-08-18,0,active,BR-134
ACC-00000318,CUST-1000318,checking,2020-08-13,0,active,BR-172
ACC-00000319,CUST-1000319,checking,2023-07-25,0,active,
ACC-00000320,CUST-1000320,checking,2022-10-25,0,active,
ACC-00000321,CUST-1000321,savings,2020-03-11,0,active,BR-196
ACC-00000322,CUST-1000322,credit_card,2022-08-03,12737,active,BR-118
ACC-00000323,CUST-1000323,savings,2020-07-24,0,closed,BR-166
ACC-00000324,CUST-1000324,checking,2021-05-15,0,active,BR-112
ACC-00000325,CUST-1000325,loan,2022-12-08,2134,dormant,BR-160
ACC-00000326,CUST-1000326,credit_card,2021-02-15,11938,active,BR-179
ACC-00000327,CUST-1000327,savings,2019-08-23,0,active,BR-121
ACC-00000328,CUST-1000328,savings,2022-10-08,0,active,BR-142
ACC-00000329,CUST-1000329,savings,2025-11-15,0,active,BR-109
ACC-00000330,CUST-1000330,checking,2023-09-06,0,active,BR-120
ACC-00000331,CUST-1000331,checking,2019-11-01,0,active,BR-165
ACC-00000332,CUST-1000332,credit_card,2019-06-07,25486,active,BR-134
ACC-00000333,CUST-1000333,checking,2024-07-19,0,active,BR-156
ACC-00000334,CUST-1000334,checking,2023-08-07,0,dormant,BR-134
ACC-00000335,CUST-1000335,checking,2019-02-15,0,dormant,BR-107
ACC-00000336,CUST-1000336,checking,2019-10-17,0,active,BR-170
ACC-00000337,CUST-1000337,credit_card,2025-05-30,49356,active,
ACC-00000338,CUST-1000338,credit_card,2021-01-04,27096,active,
ACC-00000339,CUST-1000339,savings,2020-05-31,0,active,BR-136
ACC-00000340,CUST-1000340,checking,2022-06-16,0,active,BR-136
ACC-00000341,CUST-1000341,savings,2023-02-17,0,active,
ACC-00000342,CUST-1000342,savings,2023-02-04,0,active,BR-159
ACC-00000343,CUST-1000343,checking,2020-10-26,0,closed,BR-100
ACC-00000344,CUST-1000344,savings,2022-05-30,0,active,BR-165
ACC-00000345,CUST-1000345,checking,2019-07-02,0,active,BR-122
ACC-00000346,CUST-1000346,savings,2020-05-26,0,active,BR-145
ACC-00000347,CUST-1000347,savings,2022-03-23,0,active,BR-103
ACC-00000348,CUST-1000348,checking,2019-01-07,0,active,BR-174
ACC-00000349,CUST-1000349,checking,2022-04-27,0,dormant,BR-102
ACC-00000350,CUST-1000350,savings,2021-04-03,0,active,BR-176
ACC-00000351,CUST-1000351,savings,2025-09-02,0,closed,BR-133
ACC-00000352,CUST-1000352,credit_card,2025-09-05,42115,active,
ACC-00000353,CUST-1000353,savings,2022-11-14,0,active,BR-115
ACC-00000354,CUST-1000354,checking,2021-06-05,0,active,BR-116
ACC-00000355,CUST-1000355,checking,2022-08-07,0,active,BR-115
ACC-00000356,CUST-1000356,savings,2024-12-04,0,closed,BR-165
ACC-00000357,CUST-1000357,checking,2025-03-19,0,suspended,
ACC-00000358,CUST-1000358,savings,2025-08-30,0,active,BR-130
ACC-00000359,CUST-1000359,loan,2023-09-23,6592,active,BR-138
ACC-00000360,CUST-1000360,savings,2024-08-18,0,active,BR-186
ACC-00000361,CUST-1000361,checking,2025-02-10,0,suspended,BR-154
ACC-00000362,CUST-1000362,savings,2023-02-21,0,active,BR-192
ACC-00000363,CUST-1000363,savings,2020-04-25,0,active,BR-138
ACC-00000364,CUST-1000364,savings,2020-08-12,0,active,BR-129
ACC-00000365,CUST-1000365,loan,2021-07-10,19108,active,BR-120
ACC-00000366,CUST-1000366,checking,2020-11-07,0,active,BR-118
ACC-00000367,CUST-1000367,loan,2019-07-01,18270,active,BR-185
ACC-00000368,CUST-1000368,loan,2023-12-05,28649,suspended,BR-154
ACC-00000369,CUST-1000369,checking,2025-04-04,0,active,BR-161
ACC-00000370,CUST-1000370,checking,2023-08-12,0,active,BR-199
ACC-00000371,CUST-1000371,checking,2019-07-09,0,dormant,BR-151
ACC-00000372,CUST-1000372,checking,2025-05-12,0,active,BR-113
ACC-00000373,CUST-1000373,checking,2021-09-01,0,closed,BR-152
ACC-00000374,CUST-1000374,savings,2019-06-27,0,active,BR-121
ACC-00000375,CUST-1000375,checking,2019-06-05,0,active,BR-103
ACC-00000376,CUST-1000376,checking,2023-12-20,0,closed,BR-186
ACC-00000377,CUST-1000377,credit_card,2023-01-21,11997,active,BR-111
ACC-00000378,CUST-1000378,checking,2023-04-12,0,active,BR-177
ACC-00000379,CUST-1000379,credit_card,2023-07-09,34489,active,BR-197
ACC-00000380,CUST-1000380,checking,2020-05-04,0,active,BR-175
ACC-00000381,CUST-1000381,checking,2019-06-26,0,active,BR-156
ACC-00000382,CUST-1000382,savings,2023-04-27,0,active,
ACC-00000383,CUST-1000383,savings,2019-09-06,0,dormant,BR-125
ACC-00000384,CUST-1000384,credit_card,2020-07-31,10104,active,BR-185
ACC-00000385,CUST-1000385,credit_card,2019-08-01,1870,active,BR-186
ACC-00000386,CUST-1000386,credit_card,2024-01-23,29684,active,BR-107
ACC-00000387,CUST-1000387,checking,2019-07-31,0,active,
ACC-00000388,CUST-1000388,checking,2024-09-28,0,active,BR-163
ACC-00000389,CUST-1000389,credit_card,2020-12-31,40519,dormant,BR-110
ACC-00000390,CUST-1000390,credit_card,2022-06-08,35524,active,BR-118
ACC-00000391,CUST-1000391,loan,2020-01-08,31957,active,BR-133
ACC-00000392,CUST-1000392,savings,2023-11-05,0,active,BR-199
ACC-00000393,CUST-1000393,checking,2021-02-03,0,active,BR-150
ACC-00000394,CUST-1000394,credit_card,2023-12-04,34885,active,BR-148
ACC-00000395,CUST-1000395,checking,2024-01-22,0,active,BR-155
ACC-00000396,CUST-1000396,loan,2019-05-04,45369,closed,BR-136
ACC-00000397,CUST-1000397,credit_card,2024-04-08,36596,active,BR-186
ACC-00000398,CUST-1000398,savings,2019-09-12,0,active,BR-132
ACC-00000399,CUST-1000399,credit_card,2022-07-26,30866,active,BR-188
ACC-00000400,CUST-1000400,credit_card,2024-08-04,31676,active,BR-109
ACC-00000401,CUST-1000401,checking,2023-12-19,0,active,BR-184
ACC-00000402,CUST-1000402,loan,2023-10-23,48764,active,BR-112
ACC-00000403,CUST-1000403,savings,2023-06-13,0,active,BR-123
ACC-00000404,CUST-1000404,credit_card,2021-09-09,14878,active,BR-116
ACC-00000405,CUST-1000405,checking,2021-03-21,0,active,BR-124
ACC-00000406,CUST-1000406,credit_card,2020-09-26,40760,active,BR-120
ACC-00000407,CUST-1000407,checking,2024-09-11,0,closed,BR-182
ACC-00000408,CUST-1000408,checking,2025-02-03,0,closed,BR-141
ACC-00000409,CUST-1000409,loan,2021-09-03,28559,active,BR-147
ACC-00000410,CUST-1000410,checking,2021-01-11,0,closed,BR-140
ACC-00000411,CUST-1000411,checking,2021-04-05,0,active,BR-117
ACC-00000412,CUST-1000412,loan,2022-05-14,47546,active,BR-198
ACC-00000413,CUST-1000413,loan,2020-02-11,7771,active,BR-170
ACC-00000414,CUST-1000414,savings,2024-09-17,0,active,BR-181
ACC-00000415,CUST-1000415,savings,2024-06-28,0,active,BR-199
ACC-00000416,CUST-1000416,savings,2021-07-21,0,suspended,BR-115
ACC-00000417,CUST-1000417,checking,2022-11-21,0,active,BR-137
ACC-00000418,CUST-1000418,checking,2021-09-09,0,active,BR-155
ACC-00000419,CUST-1000419,savings,2025-05-24,0,active,BR-199
ACC-00000420,CUST-1000420,credit_card,2019-08-14,17526,suspended,BR-144
ACC-00000421,CUST-1000421,credit_card,2019-01-29,30896,active,
ACC-00000422,CUST-1000422,credit_card,2022-11-24,32923,active,BR-107
ACC-00000423,CUST-1000423,checking,2024-04-13,0,active,BR-117
ACC-00000424,CUST-1000424,savings,2023-10-16,0,active,BR-169
ACC-00000425,CUST-1000425,checking,2019-11-07,0,dormant,BR-120
ACC-00000426,CUST-1000426,savings,2019-08-16,0,dormant,BR-153
ACC-00000427,CUST-1000427,savings,2023-07-29,0,active,BR-199
ACC-00000428,CUST-1000428,credit_card,2020-10-24,37203,dormant,
ACC-00000429,CUST-1000429,checking,2023-04-21,0,active,
ACC-00000430,CUST-1000430,checking,2021-04-03,0,closed,BR-148
ACC-00000431,CUST-1000431,checking,2020-02-16,0,active,BR-109
ACC-00000432,CUST-1000432,credit_card,2021-12-20,40390,active,BR-146
ACC-00000433,CUST-1000433,savings,2019-08-02,0,active,BR-145
ACC-00000434,CUST-1000434,checking,2021-01-28,0,active,BR-123
ACC-00000435,CUST-1000435,checking,2022-02-22,0,active,BR-180
ACC-00000436,CUST-1000436,credit_card,2021-06-04,13852,active,BR-109
ACC-00000437,CUST-1000437,checking,2020-05-05,0,active,
ACC-00000438,CUST-1000438,credit_card,2022-09-23,48574,active,BR-116
ACC-00000439,CUST-1000439,credit_card,2023-08-15,44391,active,BR-123
ACC-00000440,CUST-1000440,checking,2024-12-25,0,active,BR-124
ACC-00000441,CUST-1000441,checking,2021-07-28,0,dormant,BR-159
ACC-00000442,CUST-1000442,loan,2024-03-15,2848,active,BR-164
ACC-00000443,CUST-1000443,checking,2025-11-12,0,active,BR-127
ACC-00000444,CUST-1000444,checking,2024-07-24,0,active,BR-180
ACC-00000445,CUST-1000445,credit_card,2023-07-02,32027,closed,BR-157
ACC-00000446,CUST-1000446,loan,2019-01-25,36464,active,BR-152
ACC-00000447,CUST-1000447,loan,2024-09-05,35485,active,
ACC-00000448,CUST-1000448,credit_card,2025-12-13,20456,closed,BR-133
ACC-00000449,CUST-1000449,checking,2023-09-20,0,suspended,BR-106
ACC-00000450,CUST-1000450,checking,2021-07-19,0,active,
ACC-00000451,CUST-1000451,credit_card,2024-08-23,10259,active,BR-132
ACC-00000452,CUST-1000452,savings,2019-11-18,0,active,BR-106
ACC-00000453,CUST-1000453,savings,2020-02-22,0,closed,BR-111
ACC-00000454,CUST-1000454,loan,2021-04-01,36554,active,
ACC-00000455,CUST-1000455,checking,2019-12-25,0,active,BR-199
ACC-00000456,CUST-1000456,savings,2019-11-29,0,suspended,BR-199
ACC-00000457,CUST-1000457,checking,2025-04-25,0,active,BR-172
ACC-00000458,CUST-1000458,savings,2023-09-15,0,active,BR-107
ACC-00000459,CUST-1000459,checking,2020-04-27,0,active,BR-188
ACC-00000460,CUST-1000460,checking,2021-04-26,0,active,BR-144
ACC-00000461,CUST-1000461,checking,2021-05-25,0,active,BR-103
ACC-00000462,CUST-1000462,savings,2024-02-23,0,active,BR-128
ACC-00000463,CUST-1000463,credit_card,2020-10-16,47922,active,BR-197
ACC-00000464,CUST-1000464,savings,2025-02-07,0,active,BR-176
ACC-00000465,CUST-1000465,loan,2021-12-01,14409,dormant,BR-186
ACC-00000466,CUST-1000466,checking,2020-09-24,0,active,BR-103
ACC-00000467,CUST-1000467,checking,2024-11-05,0,dormant,BR-108
ACC-00000468,CUST-1000468,credit_card,2024-05-24,4791,active,BR-155
ACC-00000469,CUST-1000469,checking,2021-03-31,0,closed,BR-149
ACC-00000470,CUST-1000470,loan,2023-04-20,26864,active,BR-131
ACC-00000471,CUST-1000471,checking,2023-02-26,0,active,
ACC-00000472,CUST-1000472,loan,2021-02-19,37639,active,BR-158
ACC-00000473,CUST-1000473,checking,2019-06-07,0,closed,BR-170
ACC-00000474,CUST-1000474,credit_card,2019-10-14,35574,active,BR-125
ACC-00000475,CUST-1000475,savings,2024-05-24,0,active,BR-144
ACC-00000476,CUST-1000476,loan,2022-08-09,18888,active,BR-176
ACC-00000477,CUST-1000477,checking,2026-01-20,0,closed,BR-167
ACC-00000478,CUST-1000478,savings,2021-05-09,0,active,BR-127
ACC-00000479,CUST-1000479,loan,2019-05-17,20692,active,BR-164
ACC-00000480,CUST-1000480,savings,2019-01-12,0,active,BR-151
ACC-00000481,CUST-1000481,savings,2021-11-02,0,closed,BR-153
ACC-00000482,CUST-1000482,savings,2025-07-23,0,active,BR-146
ACC-00000483,CUST-1000483,savings,2020-02-11,0,active,
ACC-00000484,CUST-1000484,savings,2024-06-02,0,active,BR-125
ACC-00000485,CUST-1000485,savings,2021-03-24,0,active,BR-104
ACC-00000486,CUST-1000486,loan,2020-05-17,24501,active,BR-174
ACC-00000487,CUST-1000487,checking,2025-04-21,0,active,
ACC-00000488,CUST-1000488,checking,2022-10-04,0,active,BR-137
ACC-00000489,CUST-1000489,loan,2023-09-11,14304,active,BR-114
ACC-00000490,CUST-1000490,credit_card,2025-01-01,28527,active,BR-120
ACC-00000491,CUST-1000491,savings,2022-08-21,0,active,BR-105
ACC-00000492,CUST-1000492,savings,2023-10-09,0,active,BR-185
ACC-00000493,CUST-1000493,checking,2019-01-31,0,active,BR-177
ACC-00000494,CUST-1000494,checking,2019-12-14,0,active,BR-112
ACC-00000495,CUST-1000495,savings,2019-08-22,0,active,BR-102
ACC-00000496,CUST-1000496,checking,2024-11-16,0,active,BR-192
ACC-00000497,CUST-1000497,savings,2020-04-08,0,active,BR-132
ACC-00000498,CUST-1000498,checking,2023-08-23,0,active,BR-174
ACC-00000499,CUST-1000499,loan,2019-04-22,19074,active,BR-110
ACC-00000500,CUST-1000500,loan,2022-02-21,16549,closed,BR-169
ACC-00000501,CUST-1000501,savings,2023-12-15,0,active,BR-167
ACC-00000502,CUST-1000502,savings,2023-09-13,0,active,BR-147
ACC-00000503,CUST-1000503,checking,2020-04-05,0,active,BR-158
ACC-00000504,CUST-1000504,credit_card,2022-08-28,30963,active,BR-175
ACC-00000505,CUST-1000505,savings,2020-01-31,0,active,BR-188
ACC-00000506,CUST-1000506,checking,2019-05-10,0,active,BR-186
ACC-00000507,CUST-1000507,loan,2021-08-15,26920,active,
ACC-00000508,CUST-1000508,credit_card,2022-02-06,31826,active,BR-125
ACC-00000509,CUST-1000509,loan,2025-10-09,37071,active,
ACC-00000510,CUST-1000510,credit_card,2019-05-04,17061,active,BR-128
ACC-00000511,CUST-1000511,savings,2022-01-16,0,closed,BR-197
ACC-00000512,CUST-1000512,savings,2020-10-14,0,active,BR-142
ACC-00000513,CUST-1000513,loan,2024-10-20,29810,dormant,BR-165
ACC-00000514,CUST-1000514,credit_card,2021-02-14,48966,active,BR-107
ACC-00000515,CUST-1000515,checking,2024-09-03,0,active,BR-107
ACC-00000516,CUST-1000516,checking,2019-11-16,0,active,BR-199
ACC-00000517,CUST-1000517,checking,2022-01-03,0,active,BR-164
ACC-00000518,CUST-1000518,credit_card,2025-08-20,23800,closed,BR-180
ACC-00000519,CUST-1000519,loan,2023-10-06,44423,active,BR-187
ACC-00000520,CUST-1000520,checking,2022-06-16,0,suspended,BR-192
ACC-00000521,CUST-1000521,savings,2024-04-12,0,active,BR-108
ACC-00000522,CUST-1000522,checking,2025-05-17,0,suspended,BR-135
ACC-00000523,CUST-1000523,loan,2020-04-25,42692,active,BR-127
ACC-00000524,CUST-1000524,credit_card,2021-01-05,10940,active,BR-142
ACC-00000525,CUST-1000525,credit_card,2020-05-19,4924,active,
ACC-00000526,CUST-1000526,savings,2025-10-21,0,active,BR-165
ACC-00000527,CUST-1000527,savings,2025-11-23,0,active,BR-147
ACC-00000528,CUST-1000528,checking,2020-07-04,0,active,
ACC-00000529,CUST-1000529,checking,2022-07-04,0,closed,BR-192
ACC-00000530,CUST-1000530,credit_card,2019-03-19,29054,active,BR-112
ACC-00000531,CUST-1000531,credit_card,2020-07-11,10783,active,
ACC-00000532,CUST-1000532,loan,2025-04-07,38253,active,BR-153
ACC-00000533,CUST-1000533,loan,2021-10-29,46397,active,BR-126
ACC-00000534,CUST-1000534,savings,2025-08-27,0,active,BR-100
ACC-00000535,CUST-1000535,credit_card,2022-07-03,14233,active,
ACC-00000536,CUST-1000536,loan,2025-10-28,46669,active,BR-166
ACC-00000537,CUST-1000537,credit_card,2024-09-12,25484,active,BR-193
ACC-00000538,CUST-1000538,checking,2025-04-02,0,active,BR-190
ACC-00000539,CUST-1000539,savings,2025-11-23,0,active,BR-116
ACC-00000540,CUST-1000540,checking,2021-02-10,0,active,BR-192
ACC-00000541,CUST-1000541,loan,2021-04-08,26068,active,BR-190
ACC-00000542,CUST-1000542,savings,2020-05-09,0,active,BR-164
ACC-00000543,CUST-1000543,checking,2025-09-12,0,active,BR-157
ACC-00000544,CUST-1000544,savings,2024-12-18,0,active,BR-119
ACC-00000545,CUST-1000545,savings,2019-12-02,0,dormant,BR-109
ACC-00000546,CUST-1000546,checking,2022-04-03,0,active,BR-140
ACC-00000547,CUST-1000547,checking,2019-05-01,0,closed,
ACC-00000548,CUST-1000548,savings,2023-01-02,0,active,
ACC-00000549,CUST-1000549,savings,2020-11-22,0,active,BR-197
ACC-00000550,CUST-1000550,credit_card,2020-09-12,1191,active,BR-140
ACC-00000551,CUST-1000551,savings,2025-12-12,0,dormant,BR-168
ACC-00000552,CUST-1000552,credit_card,2022-12-01,26074,active,BR-155
ACC-00000553,CUST-1000553,savings,2021-12-22,0,closed,BR-198
ACC-00000554,CUST-1000554,savings,2021-08-06,0,closed,BR-118
ACC-00000555,CUST-1000555,credit_card,2025-12-24,5917,active,BR-170
ACC-00000556,CUST-1000556,savings,2025-10-07,0,active,BR-170
ACC-00000557,CUST-1000557,checking,2020-12-08,0,active,BR-104
ACC-00000558,CUST-1000558,checking,2020-11-23,0,active,BR-103
ACC-00000559,CUST-1000559,credit_card,2019-03-15,39599,closed,BR-183
ACC-00000560,CUST-1000560,savings,2024-08-12,0,suspended,BR-192
ACC-00000561,CUST-1000561,credit_card,2020-08-23,26832,active,BR-118
ACC-00000562,CUST-1000562,checking,2022-05-22,0,active,BR-145
ACC-00000563,CUST-1000563,checking,2021-10-16,0,active,BR-190
ACC-00000564,CUST-1000564,checking,2021-05-15,0,active,
ACC-00000565,CUST-1000565,checking,2019-08-04,0,closed,BR-136
ACC-00000566,CUST-1000566,savings,2025-07-30,0,active,BR-123
ACC-00000567,CUST-1000567,checking,2021-05-17,0,active,BR-162
ACC-00000568,CUST-1000568,savings,2021-12-26,0,active,BR-197
ACC-00000569,CUST-1000569,loan,2024-06-16,43928,active,BR-123
ACC-00000570,CUST-1000570,checking,2023-05-02,0,active,BR-166
ACC-00000571,CUST-1000571,savings,2022-05-26,0,active,BR-148
ACC-00000572,CUST-1000572,credit_card,2024-10-12,21706,active,BR-122
ACC-00000573,CUST-1000573,checking,2023-07-24,0,active,BR-194
ACC-00000574,CUST-1000574,savings,2021-10-25,0,closed,BR-161
ACC-00000575,CUST-1000575,credit_card,2019-03-27,14682,active,BR-159
ACC-00000576,CUST-1000576,loan,2019-12-25,27762,active,BR-156
ACC-00000577,CUST-1000577,checking,2021-03-22,0,active,BR-106
ACC-00000578,CUST-1000578,loan,2020-07-08,24383,active,BR-184
ACC-00000579,CUST-1000579,savings,2023-12-09,0,active,BR-102
ACC-00000580,CUST-1000580,checking,2021-04-04,0,active,BR-185
ACC-00000581,CUST-1000581,savings,2019-04-29,0,active,BR-191
ACC-00000582,CUST-1000582,loan,2019-12-03,28796,active,BR-135
ACC-00000583,CUST-1000583,savings,2024-01-28,0,active,BR-168
ACC-00000584,CUST-1000584,checking,2022-09-12,0,active,BR-157
ACC-00000585,CUST-1000585,savings,2021-12-10,0,dormant,BR-161
ACC-00000586,CUST-1000586,checking,2025-03-13,0,active,BR-126
ACC-00000587,CUST-1000587,checking,2025-09-09,0,active,BR-156
ACC-00000588,CUST-1000588,checking,2021-09-01,0,active,BR-146
ACC-00000589,CUST-1000589,checking,2022-09-17,0,active,BR-138
ACC-00000590,CUST-1000590,checking,2024-02-27,0,active,BR-121
ACC-00000591,CUST-1000591,checking,2023-05-08,0,active,BR-120
ACC-00000592,CUST-1000592,savings,2019-12-26,0,dormant,BR-115
ACC-00000593,CUST-1000593,checking,2022-04-11,0,active,
ACC-00000594,CUST-1000594,checking,2023-11-27,0,active,BR-173
ACC-00000595,CUST-1000595,credit_card,2020-08-13,24666,active,
ACC-00000596,CUST-1000596,savings,2021-03-02,0,active,BR-108
ACC-00000597,CUST-1000597,savings,2019-05-18,0,active,BR-195
ACC-00000598,CUST-1000598,checking,2025-01-11,0,active,
ACC-00000599,CUST-1000599,checking,2022-09-16,0,active,BR-167
ACC-00000600,CUST-1000600,checking,2019-01-06,0,closed,BR-124
ACC-00000601,CUST-1000601,checking,2023-06-04,0,active,BR-164
ACC-00000602,CUST-1000602,checking,2025-11-10,0,active,BR-150
ACC-00000603,CUST-1000603,checking,2023-07-31,0,active,BR-187
ACC-00000604,CUST-1000604,checking,2024-11-03,0,active,BR-114
ACC-00000605,CUST-1000605,checking,2025-02-13,0,active,BR-169
ACC-00000606,CUST-1000606,savings,2025-04-24,0,active,BR-122
ACC-00000607,CUST-1000607,checking,2025-04-08,0,active,BR-156
ACC-00000608,CUST-1000608,checking,2024-09-14,0,closed,BR-140
ACC-00000609,CUST-1000609,savings,2020-09-04,0,active,BR-112
ACC-00000610,CUST-1000610,savings,2022-02-05,0,active,BR-183
ACC-00000611,CUST-1000611,checking,2022-09-01,0,closed,BR-102
ACC-00000612,CUST-1000612,credit_card,2019-08-06,26662,active,BR-148
ACC-00000613,CUST-1000613,savings,2024-08-25,0,active,BR-146
ACC-00000614,CUST-1000614,checking,2021-10-22,0,active,BR-163
ACC-00000615,CUST-1000615,credit_card,2024-04-20,46159,active,BR-166
ACC-00000616,CUST-1000616,loan,2021-09-02,35642,active,BR-199
ACC-00000617,CUST-1000617,checking,2024-08-23,0,dormant,BR-167
ACC-00000618,CUST-1000618,checking,2020-01-23,0,active,BR-182
ACC-00000619,CUST-1000619,credit_card,2025-02-14,42830,active,BR-134
ACC-00000620,CUST-1000620,credit_card,2021-07-22,38531,active,
ACC-00000621,CUST-1000621,checking,2023-04-25,0,active,BR-113
ACC-00000622,CUST-1000622,checking,2021-08-18,0,active,BR-103
ACC-00000623,CUST-1000623,checking,2024-09-02,0,active,BR-128
ACC-00000624,CUST-1000624,savings,2022-06-22,0,dormant,BR-196
ACC-00000625,CUST-1000625,savings,2021-10-10,0,active,BR-182
ACC-00000626,CUST-1000626,checking,2022-06-04,0,active,BR-168
ACC-00000627,CUST-1000627,savings,2024-12-06,0,active,BR-105
ACC-00000628,CUST-1000628,credit_card,2021-07-07,11234,active,BR-163
ACC-00000629,CUST-1000629,checking,2023-09-19,0,active,BR-118
ACC-00000630,CUST-1000630,checking,2020-01-31,0,active,BR-142
ACC-00000631,CUST-1000631,credit_card,2020-08-19,10221,active,BR-119
ACC-00000632,CUST-1000632,credit_card,2022-07-30,12410,active,BR-143
ACC-00000633,CUST-1000633,savings,2024-08-27,0,active,BR-121
ACC-00000634,CUST-1000634,savings,2022-03-23,0,active,BR-171
ACC-00000635,CUST-1000635,checking,2024-10-05,0,suspended,BR-155
ACC-00000636,CUST-1000636,savings,2025-05-13,0,active,BR-115
ACC-00000637,CUST-1000637,savings,2020-06-24,0,active,BR-150
ACC-00000638,CUST-1000638,checking,2024-03-27,0,active,
ACC-00000639,CUST-1000639,checking,2023-11-04,0,dormant,BR-196
ACC-00000640,CUST-1000640,checking,2021-07-24,0,suspended,BR-152
ACC-00000641,CUST-1000641,checking,2022-06-15,0,active,BR-126
ACC-00000642,CUST-1000642,checking,2023-08-30,0,closed,BR-105
ACC-00000643,CUST-1000643,checking,2019-01-02,0,active,BR-156
ACC-00000644,CUST-1000644,checking,2021-08-02,0,active,BR-168
ACC-00000645,CUST-1000645,checking,2021-06-10,0,active,
ACC-00000646,CUST-1000646,credit_card,2020-10-15,15519,active,BR-161
ACC-00000647,CUST-1000647,savings,2022-08-28,0,active,
ACC-00000648,CUST-1000648,savings,2025-09-07,0,closed,BR-185
ACC-00000649,CUST-1000649,credit_card,2023-12-07,2051,active,BR-165
ACC-00000650,CUST-1000650,savings,2024-02-28,0,active,BR-138
ACC-00000651,CUST-1000651,checking,2024-07-27,0,active,BR-112
ACC-00000652,CUST-1000652,savings,2021-09-28,0,active,BR-106
ACC-00000653,CUST-1000653,savings,2022-12-15,0,active,BR-113
ACC-00000654,CUST-1000654,credit_card,2022-10-04,45993,active,BR-153
ACC-00000655,CUST-1000655,savings,2022-10-05,0,active,BR-119
ACC-00000656,CUST-1000656,checking,2024-09-30,0,suspended,BR-181
ACC-00000657,CUST-1000657,checking,2020-10-25,0,active,BR-156
ACC-00000658,CUST-1000658,checking,2023-05-08,0,active,
ACC-00000659,CUST-1000659,savings,2023-01-10,0,active,BR-173
ACC-00000660,CUST-1000660,savings,2025-10-02,0,active,BR-105
ACC-00000661,CUST-1000661,checking,2025-10-09,0,active,BR-127
ACC-00000662,CUST-1000662,loan,2025-04-05,10765,active,BR-168
ACC-00000663,CUST-1000663,savings,2020-06-11,0,suspended,BR-183
ACC-00000664,CUST-1000664,checking,2024-08-08,0,active,BR-190
ACC-00000665,CUST-1000665,checking,2019-09-21,0,dormant,BR-170
ACC-00000666,CUST-1000666,checking,2021-05-31,0,closed,BR-109
ACC-00000667,CUST-1000667,checking,2023-05-21,0,active,BR-134
ACC-00000668,CUST-1000668,checking,2024-08-24,0,suspended,BR-123
ACC-00000669,CUST-1000669,checking,2024-05-20,0,active,BR-121
ACC-00000670,CUST-1000670,checking,2024-04-07,0,closed,BR-154
ACC-00000671,CUST-1000671,checking,2021-11-07,0,active,
ACC-00000672,CUST-1000672,credit_card,2019-10-18,12382,closed,
ACC-00000673,CUST-1000673,checking,2025-12-17,0,closed,BR-190
ACC-00000674,CUST-1000674,savings,2025-05-22,0,closed,BR-119
ACC-00000675,CUST-1000675,savings,2020-12-30,0,active,BR-183
ACC-00000676,CUST-1000676,loan,2024-09-21,13580,active,
ACC-00000677,CUST-1000677,checking,2021-08-22,0,active,BR-152
ACC-00000678,CUST-1000678,checking,2020-11-28,0,active,
ACC-00000679,CUST-1000679,loan,2025-11-10,33323,active,BR-178
ACC-00000680,CUST-1000680,credit_card,2020-09-10,45757,active,BR-172
ACC-00000681,CUST-1000681,credit_card,2020-04-02,12939,active,BR-147
ACC-00000682,CUST-1000682,checking,2019-03-17,0,dormant,BR-158
ACC-00000683,CUST-1000683,checking,2019-05-24,0,active,BR-101
ACC-00000684,CUST-1000684,savings,2021-01-30,0,closed,BR-164
ACC-00000685,CUST-1000685,loan,2023-01-16,30964,active,BR-188
ACC-00000686,CUST-1000686,savings,2024-03-14,0,closed,BR-178
ACC-00000687,CUST-1000687,savings,2025-07-15,0,suspended,BR-150
ACC-00000688,CUST-1000688,checking,2019-08-15,0,active,BR-121
ACC-00000689,CUST-1000689,credit_card,2022-11-15,1307,active,BR-129
ACC-00000690,CUST-1000690,checking,2022-07-11,0,active,BR-127
ACC-00000691,CUST-1000691,checking,2024-05-10,0,active,BR-144
ACC-00000692,CUST-1000692,savings,2023-11-24,0,active,BR-148
ACC-00000693,CUST-1000693,savings,2020-08-27,0,active,BR-182
ACC-00000694,CUST-1000694,checking,2025-02-09,0,active,BR-135
ACC-00000695,CUST-1000695,checking,2024-12-03,0,active,BR-145
ACC-00000696,CUST-1000696,savings,2022-04-07,0,active,BR-131
ACC-00000697,CUST-1000697,checking,2023-03-16,0,active,BR-137
ACC-00000698,CUST-1000698,savings,2022-05-26,0,active,BR-126
ACC-00000699,CUST-1000699,checking,2021-01-28,0,dormant,BR-134
ACC-00000700,CUST-1000700,savings,2020-04-03,0,active,BR-184
ACC-00000701,CUST-1000701,savings,2024-07-31,0,dormant,BR-127
ACC-00000702,CUST-1000702,checking,2024-11-06,0,active,BR-103
ACC-00000703,CUST-1000703,checking,2019-01-18,0,active,BR-172
ACC-00000704,CUST-1000704,checking,2025-05-22,0,active,BR-118
ACC-00000705,CUST-1000705,checking,2025-07-20,0,active,BR-116
ACC-00000706,CUST-1000706,loan,2019-11-28,4359,active,BR-140
ACC-00000707,CUST-1000707,checking,2025-08-15,0,active,BR-183
ACC-00000708,CUST-1000708,credit_card,2022-08-13,30648,active,BR-138
ACC-00000709,CUST-1000709,checking,2020-11-10,0,active,BR-122
ACC-00000710,CUST-1000710,savings,2020-06-30,0,active,
ACC-00000711,CUST-1000711,credit_card,2025-11-03,36944,active,BR-162
ACC-00000712,CUST-1000712,savings,2024-12-02,0,active,BR-168
ACC-00000713,CUST-1000713,savings,2023-05-29,0,active,
ACC-00000714,CUST-1000714,savings,2022-12-14,0,active,BR-174
ACC-00000715,CUST-1000715,checking,2019-06-06,0,active,BR-166
ACC-00000716,CUST-1000716,loan,2023-09-28,35019,dormant,BR-132
ACC-00000717,CUST-1000717,credit_card,2021-02-13,39134,active,BR-181
ACC-00000718,CUST-1000718,loan,2020-01-13,28323,active,BR-109
ACC-00000719,CUST-1000719,checking,2022-11-19,0,dormant,BR-118
ACC-00000720,CUST-1000720,credit_card,2020-02-19,7226,active,BR-162
ACC-00000721,CUST-1000721,loan,2025-10-25,22689,active,BR-145
ACC-00000722,CUST-1000722,checking,2022-12-14,0,active,BR-164
ACC-00000723,CUST-1000723,checking,2024-09-05,0,active,BR-190
ACC-00000724,CUST-1000724,credit_card,2023-07-09,31971,active,BR-150
ACC-00000725,CUST-1000725,savings,2023-10-03,0,active,BR-180
ACC-00000726,CUST-1000726,credit_card,2024-01-25,26954,active,BR-105
ACC-00000727,CUST-1000727,checking,2021-09-12,0,active,BR-138
ACC-00000728,CUST-1000728,credit_card,2025-06-04,25423,dormant,BR-127
ACC-00000729,CUST-1000729,checking,2022-10-07,0,closed,BR-136
ACC-00000730,CUST-1000730,checking,2024-03-18,0,active,BR-155
ACC-00000731,CUST-1000731,checking,2025-12-07,0,active,BR-101
ACC-00000732,CUST-1000732,credit_card,2025-02-12,31391,active,BR-159
ACC-00000733,CUST-1000733,savings,2023-04-18,0,active,BR-139
ACC-00000734,CUST-1000734,savings,2022-08-18,0,active,BR-136
ACC-00000735,CUST-1000735,checking,2026-01-24,0,active,BR-117
ACC-00000736,CUST-1000736,credit_card,2023-08-30,15330,closed,BR-121
ACC-00000737,CUST-1000737,checking,2022-10-17,0,active,BR-157
ACC-00000738,CUST-1000738,credit_card,2020-05-09,5891,active,
ACC-00000739,CUST-1000739,savings,2025-04-29,0,active,BR-106
ACC-00000740,CUST-1000740,checking,2023-01-14,0,active,
ACC-00000741,CUST-1000741,savings,2022-10-30,0,closed,BR-167
ACC-00000742,CUST-1000742,checking,2021-03-16,0,active,BR-100
ACC-00000743,CUST-1000743,credit_card,2025-05-24,5992,active,BR-177
ACC-00000744,CUST-1000744,savings,2021-02-07,0,active,
ACC-00000745,CUST-1000745,checking,2024-06-04,0,active,BR-137
ACC-00000746,CUST-1000746,credit_card,2021-05-11,2961,active,BR-128
ACC-00000747,CUST-1000747,checking,2025-07-07,0,active,
ACC-00000748,CUST-1000748,savings,2025-08-13,0,active,BR-120
ACC-00000749,CUST-1000749,loan,2023-06-08,13497,active,BR-166
ACC-00000750,CUST-1000750,savings,2023-02-14,0,active,BR-183
ACC-00000751,CUST-1000751,checking,2024-05-01,0,active,BR-167
ACC-00000752,CUST-1000752,loan,2021-01-13,33551,active,BR-167
ACC-00000753,CUST-1000753,savings,2021-05-03,0,active,BR-126
ACC-00000754,CUST-1000754,checking,2022-09-28,0,active,BR-122
ACC-00000755,CUST-1000755,checking,2019-08-29,0,dormant,BR-160
ACC-00000756,CUST-1000756,credit_card,2025-01-25,11848,closed,BR-151
ACC-00000757,CUST-1000757,savings,2021-06-06,0,dormant,BR-154
ACC-00000758,CUST-1000758,savings,2020-12-29,0,active,BR-154
ACC-00000759,CUST-1000759,credit_card,2021-04-24,14255,active,BR-135
ACC-00000760,CUST-1000760,credit_card,2021-11-09,5567,active,BR-148
ACC-00000761,CUST-1000761,checking,2021-09-20,0,active,BR-138
ACC-00000762,CUST-1000762,checking,2023-08-06,0,closed,BR-184
ACC-00000763,CUST-1000763,checking,2019-09-08,0,active,BR-105
ACC-00000764,CUST-1000764,credit_card,2020-03-05,49847,active,BR-134
ACC-00000765,CUST-1000765,checking,2020-04-13,0,active,BR-140
ACC-00000766,CUST-1000766,savings,2020-12-19,0,active,BR-141
ACC-00000767,CUST-1000767,credit_card,2022-04-05,40281,active,BR-175
ACC-00000768,CUST-1000768,credit_card,2024-11-26,49003,active,BR-166
ACC-00000769,CUST-1000769,checking,2020-04-19,0,active,BR-185
ACC-00000770,CUST-1000770,credit_card,2025-01-03,21389,active,BR-136
ACC-00000771,CUST-1000771,checking,2020-10-26,0,active,BR-131
ACC-00000772,CUST-1000772,credit_card,2019-07-19,45523,active,BR-122
ACC-00000773,CUST-1000773,checking,2022-07-12,0,closed,BR-184
ACC-00000774,CUST-1000774,checking,2022-06-20,0,dormant,BR-105
ACC-00000775,CUST-1000775,credit_card,2021-10-25,44919,active,BR-193
ACC-00000776,CUST-1000776,checking,2023-08-13,0,active,BR-132
ACC-00000777,CUST-1000777,checking,2022-12-18,0,active,BR-131
ACC-00000778,CUST-1000778,credit_card,2022-07-15,17567,active,BR-177
ACC-00000779,CUST-1000779,credit_card,2019-07-13,4358,active,BR-135
ACC-00000780,CUST-1000780,savings,2020-10-04,0,closed,BR-127
ACC-00000781,CUST-1000781,savings,2022-07-29,0,active,BR-138
ACC-00000782,CUST-1000782,savings,2022-04-25,0,suspended,
ACC-00000783,CUST-1000783,checking,2025-07-19,0,active,BR-118
ACC-00000784,CUST-1000784,checking,2023-12-20,0,active,BR-127
ACC-00000785,CUST-1000785,checking,2024-11-30,0,active,BR-108
ACC-00000786,CUST-1000786,loan,2019-03-02,23999,closed,BR-161
ACC-00000787,CUST-1000787,savings,2025-07-06,0,active,BR-166
ACC-00000788,CUST-1000788,savings,2023-11-24,0,active,BR-146
ACC-00000789,CUST-1000789,savings,2022-03-27,0,active,BR-128
ACC-00000790,CUST-1000790,loan,2023-01-21,43358,active,BR-112
ACC-00000791,CUST-1000791,checking,2019-01-19,0,active,BR-133
ACC-00000792,CUST-1000792,savings,2021-12-28,0,active,
ACC-00000793,CUST-1000793,savings,2021-07-16,0,active,BR-147
ACC-00000794,CUST-1000794,savings,2025-05-29,0,active,BR-163
ACC-00000795,CUST-1000795,checking,2022-04-26,0,active,BR-138
ACC-00000796,CUST-1000796,credit_card,2022-07-25,11988,active,BR-125
ACC-00000797,CUST-1000797,loan,2023-07-31,41446,active,BR-112
ACC-00000798,CUST-1000798,savings,2025-05-11,0,active,BR-148
ACC-00000799,CUST-1000799,savings,2025-04-01,0,active,BR-157
ACC-00000800,CUST-1000800,loan,2023-08-24,32521,active,BR-152
ACC-00000801,CUST-1000801,credit_card,2025-10-21,6698,dormant,BR-161
ACC-00000802,CUST-1000802,checking,2024-02-18,0,active,BR-124
ACC-00000803,CUST-1000803,savings,2020-11-16,0,active,BR-102
ACC-00000804,CUST-1000804,savings,2023-02-25,0,active,BR-131
ACC-00000805,CUST-1000805,savings,2020-11-12,0,active,BR-115
ACC-00000806,CUST-1000806,credit_card,2021-04-27,2273,active,
ACC-00000807,CUST-1000807,loan,2022-09-16,28543,active,BR-155
ACC-00000808,CUST-1000808,loan,2023-02-17,32349,active,BR-185
ACC-00000809,CUST-1000809,savings,2019-04-01,0,active,BR-150
ACC-00000810,CUST-1000810,checking,2022-04-23,0,active,BR-170
ACC-00000811,CUST-1000811,loan,2021-11-10,12241,active,BR-182
ACC-00000812,CUST-1000812,credit_card,2024-09-09,10497,active,BR-140
ACC-00000813,CUST-1000813,checking,2024-10-11,0,active,BR-102
ACC-00000814,CUST-1000814,loan,2025-10-15,42875,active,
ACC-00000815,CUST-1000815,credit_card,2022-06-10,33703,active,BR-156
ACC-00000816,CUST-1000816,savings,2025-02-27,0,dormant,BR-150
ACC-00000817,CUST-1000817,savings,2020-05-27,0,active,BR-165
ACC-00000818,CUST-1000818,checking,2022-12-23,0,active,
ACC-00000819,CUST-1000819,checking,2020-02-01,0,active,BR-175
ACC-00000820,CUST-1000820,checking,2024-04-17,0,active,BR-135
ACC-00000821,CUST-1000821,credit_card,2023-07-18,45041,active,BR-156
ACC-00000822,CUST-1000822,checking,2019-03-25,0,active,BR-181
ACC-00000823,CUST-1000823,checking,2022-05-09,0,active,BR-144
ACC-00000824,CUST-1000824,checking,2024-01-13,0,active,BR-119
ACC-00000825,CUST-1000825,savings,2023-10-20,0,active,BR-192
ACC-00000826,CUST-1000826,loan,2024-08-21,32954,active,BR-102
ACC-00000827,CUST-1000827,checking,2019-03-26,0,active,BR-163
ACC-00000828,CUST-1000828,checking,2019-09-18,0,dormant,BR-154
ACC-00000829,CUST-1000829,credit_card,2024-06-19,9002,active,BR-159
ACC-00000830,CUST-1000830,savings,2022-08-24,0,active,BR-194
ACC-00000831,CUST-1000831,checking,2020-02-26,0,dormant,BR-190
ACC-00000832,CUST-1000832,savings,2022-12-05,0,active,BR-101
ACC-00000833,CUST-1000833,checking,2020-07-18,0,active,BR-148
ACC-00000834,CUST-1000834,checking,2019-06-06,0,active,BR-130
ACC-00000835,CUST-1000835,savings,2021-03-19,0,closed,BR-160
ACC-00000836,CUST-1000836,savings,2022-03-23,0,active,BR-147
ACC-00000837,CUST-1000837,loan,2021-10-14,5247,active,
ACC-00000838,CUST-1000838,checking,2020-10-19,0,active,BR-157
ACC-00000839,CUST-1000839,savings,2022-11-13,0,suspended,BR-144
ACC-00000840,CUST-1000840,savings,2021-10-12,0,active,BR-195
ACC-00000841,CUST-1000841,checking,2021-11-14,0,active,BR-180
ACC-00000842,CUST-1000842,savings,2025-06-23,0,active,
ACC-00000843,CUST-1000843,checking,2022-03-23,0,active,BR-143
ACC-00000844,CUST-1000844,loan,2021-05-14,42988,active,BR-170
ACC-00000845,CUST-1000845,checking,2025-05-25,0,suspended,BR-191
ACC-00000846,CUST-1000846,savings,2022-08-02,0,active,BR-157
ACC-00000847,CUST-1000847,checking,2021-02-22,0,active,BR-186
ACC-00000848,CUST-1000848,loan,2019-09-12,22698,active,BR-120
ACC-00000849,CUST-1000849,savings,2023-01-01,0,closed,BR-135
ACC-00000850,CUST-1000850,savings,2019-03-02,0,active,BR-185
ACC-00000851,CUST-1000851,checking,2025-05-16,0,active,BR-175
ACC-00000852,CUST-1000852,credit_card,2023-08-03,20738,closed,BR-112
ACC-00000853,CUST-1000853,checking,2019-06-11,0,closed,BR-115
ACC-00000854,CUST-1000854,credit_card,2021-12-23,11703,closed,BR-158
ACC-00000855,CUST-1000855,checking,2020-11-27,0,suspended,BR-158
ACC-00000856,CUST-1000856,checking,2024-07-12,0,active,BR-193
ACC-00000857,CUST-1000857,checking,2019-08-02,0,active,BR-143
ACC-00000858,CUST-1000858,savings,2025-08-24,0,active,BR-179
ACC-00000859,CUST-1000859,savings,2024-07-17,0,closed,
ACC-00000860,CUST-1000860,checking,2019-05-06,0,active,BR-111
ACC-00000861,CUST-1000861,credit_card,2025-06-01,49240,active,BR-122
ACC-00000862,CUST-1000862,savings,2019-04-07,0,active,BR-195
ACC-00000863,CUST-1000863,savings,2021-02-07,0,active,BR-161
ACC-00000864,CUST-1000864,savings,2020-09-11,0,active,BR-166
ACC-00000865,CUST-1000865,savings,2019-03-05,0,dormant,BR-193
ACC-00000866,CUST-1000866,savings,2024-04-14,0,suspended,BR-193
ACC-00000867,CUST-1000867,checking,2020-04-18,0,active,BR-127
ACC-00000868,CUST-1000868,checking,2021-01-11,0,active,BR-112
ACC-00000869,CUST-1000869,credit_card,2020-01-28,18570,active,BR-106
ACC-00000870,CUST-1000870,loan,2023-01-11,13392,active,BR-152
ACC-00000871,CUST-1000871,checking,2024-09-10,0,closed,BR-103
ACC-00000872,CUST-1000872,checking,2019-12-22,0,active,BR-169
ACC-00000873,CUST-1000873,savings,2023-10-19,0,active,BR-183
ACC-00000874,CUST-1000874,savings,2020-11-08,0,closed,BR-127
ACC-00000875,CUST-1000875,checking,2022-12-15,0,active,BR-136
ACC-00000876,CUST-1000876,checking,2024-12-13,0,active,BR-169
ACC-00000877,CUST-1000877,credit_card,2021-03-07,45724,active,BR-195
ACC-00000878,CUST-1000878,savings,2025-07-10,0,active,BR-104
ACC-00000879,CUST-1000879,checking,2022-02-20,0,active,BR-145
ACC-00000880,CUST-1000880,checking,2020-06-05,0,active,BR-105
ACC-00000881,CUST-1000881,checking,2024-02-26,0,active,BR-158
ACC-00000882,CUST-1000882,savings,2024-03-01,0,closed,BR-128
ACC-00000883,CUST-1000883,checking,2025-05-12,0,active,BR-176
ACC-00000884,CUST-1000884,checking,2025-02-09,0,active,BR-101
ACC-00000885,CUST-1000885,credit_card,2019-12-22,33299,active,BR-196
ACC-00000886,CUST-1000886,checking,2025-08-13,0,active,BR-137
ACC-00000887,CUST-1000887,savings,2025-12-20,0,active,
ACC-00000888,CUST-1000888,checking,2020-05-23,0,active,BR-142
ACC-00000889,CUST-1000889,checking,2021-08-24,0,active,BR-190
ACC-00000890,CUST-1000890,checking,2019-12-02,0,dormant,BR-173
ACC-00000891,CUST-1000891,credit_card,2023-12-03,16641,active,
ACC-00000892,CUST-1000892,credit_card,2019-03-21,14998,active,BR-194
ACC-00000893,CUST-1000893,credit_card,2021-08-27,7305,closed,
ACC-00000894,CUST-1000894,checking,2023-11-24,0,active,BR-134
ACC-00000895,CUST-1000895,savings,2024-10-05,0,active,
ACC-00000896,CUST-1000896,checking,2022-03-12,0,active,BR-153
ACC-00000897,CUST-1000897,checking,2022-05-17,0,active,BR-147
ACC-00000898,CUST-1000898,credit_card,2025-01-30,33726,active,BR-185
ACC-00000899,CUST-1000899,checking,2020-09-08,0,active,
ACC-00000900,CUST-1000900,checking,2019-08-25,0,active,BR-148
ACC-00000901,CUST-1000901,checking,2024-01-14,0,active,BR-131
ACC-00000902,CUST-1000902,checking,2024-11-15,0,active,BR-157
ACC-00000903,CUST-1000903,checking,2026-01-24,0,active,BR-179
ACC-00000904,CUST-1000904,savings,2024-05-02,0,active,BR-109
ACC-00000905,CUST-1000905,savings,2021-01-24,0,active,BR-167
ACC-00000906,CUST-1000906,credit_card,2019-11-13,19782,active,BR-118
ACC-00000907,CUST-1000907,credit_card,2024-12-06,13721,dormant,BR-173
ACC-00000908,CUST-1000908,checking,2025-07-28,0,active,BR-124
ACC-00000909,CUST-1000909,checking,2021-07-25,0,active,BR-182
ACC-00000910,CUST-1000910,checking,2024-10-26,0,active,BR-110
ACC-00000911,CUST-1000911,savings,2024-02-09,0,active,BR-154
ACC-00000912,CUST-1000912,checking,2025-11-07,0,closed,BR-162
ACC-00000913,CUST-1000913,savings,2020-01-12,0,dormant,BR-150
ACC-00000914,CUST-1000914,savings,2025-10-09,0,active,BR-149
ACC-00000915,CUST-1000915,savings,2023-10-25,0,active,BR-141
ACC-00000916,CUST-1000916,savings,2025-08-28,0,active,BR-124
ACC-00000917,CUST-1000917,checking,2019-05-08,0,closed,BR-131
ACC-00000918,CUST-1000918,loan,2021-12-14,40763,active,BR-117
ACC-00000919,CUST-1000919,credit_card,2023-07-14,13427,active,BR-153
ACC-00000920,CUST-1000920,checking,2022-08-23,0,active,BR-186
ACC-00000921,CUST-1000921,credit_card,2024-08-17,47550,active,BR-143
ACC-00000922,CUST-1000922,savings,2022-02-25,0,active,BR-140
ACC-00000923,CUST-1000923,credit_card,2019-08-03,21566,active,BR-188
ACC-00000924,CUST-1000924,credit_card,2023-04-21,3230,active,BR-173
ACC-00000925,CUST-1000925,savings,2024-07-04,0,active,BR-164
ACC-00000926,CUST-1000926,checking,2021-11-26,0,active,BR-103
ACC-00000927,CUST-1000927,checking,2019-02-09,0,active,BR-175
ACC-00000928,CUST-1000928,savings,2022-07-29,0,active,
ACC-00000929,CUST-1000929,savings,2025-12-29,0,active,BR-180
ACC-00000930,CUST-1000930,checking,2023-03-04,0,active,BR-113
ACC-00000931,CUST-1000931,checking,2019-11-24,0,active,
ACC-00000932,CUST-1000932,credit_card,2022-09-08,7511,active,BR-132
ACC-00000933,CUST-1000933,loan,2022-01-30,43229,active,BR-142
ACC-00000934,CUST-1000934,savings,2024-05-28,0,active,BR-139
ACC-00000935,CUST-1000935,checking,2026-01-18,0,active,BR-193
ACC-00000936,CUST-1000936,checking,2022-11-29,0,closed,BR-127
ACC-00000937,CUST-1000937,checking,2025-01-06,0,active,BR-193
ACC-00000938,CUST-1000938,loan,2020-04-20,27177,closed,BR-165
ACC-00000939,CUST-1000939,checking,2022-09-15,0,active,BR-165
ACC-00000940,CUST-1000940,savings,2020-07-01,0,active,BR-125
ACC-00000941,CUST-1000941,checking,2025-03-29,0,active,BR-139
ACC-00000942,CUST-1000942,savings,2023-06-10,0,active,BR-119
ACC-00000943,CUST-1000943,savings,2024-07-13,0,active,
ACC-00000944,CUST-1000944,credit_card,2021-04-19,5765,active,BR-129
ACC-00000945,CUST-1000945,checking,2024-03-28,0,active,BR-183
ACC-00000946,CUST-1000946,checking,2025-11-15,0,active,BR-115
ACC-00000947,CUST-1000947,checking,2023-07-31,0,active,BR-106
ACC-00000948,CUST-1000948,loan,2025-08-03,21354,active,BR-158
ACC-00000949,CUST-1000949,credit_card,2023-02-11,24929,active,BR-147
ACC-00000950,CUST-1000950,savings,2022-12-15,0,active,BR-186
ACC-00000951,CUST-1000951,savings,2022-09-15,0,active,BR-172
ACC-00000952,CUST-1000952,savings,2026-01-09,0,active,BR-183
ACC-00000953,CUST-1000953,checking,2025-03-21,0,active,BR-180
ACC-00000954,CUST-1000954,loan,2024-01-15,29820,active,BR-156
ACC-00000955,CUST-1000955,savings,2021-04-13,0,dormant,BR-194
ACC-00000956,CUST-1000956,checking,2021-09-28,0,suspended,BR-119
ACC-00000957,CUST-1000957,savings,2021-02-01,0,active,BR-152
ACC-00000958,CUST-1000958,checking,2026-01-24,0,active,BR-148
ACC-00000959,CUST-1000959,checking,2019-09-27,0,active,BR-141
ACC-00000960,CUST-1000960,credit_card,2021-05-16,47040,active,BR-118
ACC-00000961,CUST-1000961,checking,2022-11-01,0,active,BR-197
ACC-00000962,CUST-1000962,savings,2021-01-27,0,active,
ACC-00000963,CUST-1000963,checking,2025-05-20,0,closed,BR-133
ACC-00000964,CUST-1000964,checking,2022-12-14,0,active,BR-149
ACC-00000965,CUST-1000965,checking,2023-11-06,0,active,BR-109
ACC-00000966,CUST-1000966,checking,2024-03-11,0,active,
ACC-00000967,CUST-1000967,credit_card,2024-09-06,30523,active,BR-183
ACC-00000968,CUST-1000968,checking,2022-03-23,0,active,BR-139
ACC-00000969,CUST-1000969,savings,2021-11-11,0,active,BR-155
ACC-00000970,CUST-1000970,savings,2019-03-31,0,active,BR-110
ACC-00000971,CUST-1000971,savings,2023-03-16,0,active,BR-107
ACC-00000972,CUST-1000972,loan,2021-10-06,6552,closed,BR-155
ACC-00000973,CUST-1000973,credit_card,2020-07-18,1627,active,BR-138
ACC-00000974,CUST-1000974,checking,2023-02-23,0,active,BR-135
ACC-00000975,CUST-1000975,checking,2020-10-21,0,active,BR-195
ACC-00000976,CUST-1000976,checking,2022-01-07,0,suspended,BR-125
ACC-00000977,CUST-1000977,savings,2025-10-14,0,active,BR-194
ACC-00000978,CUST-1000978,checking,2021-03-13,0,active,BR-137
ACC-00000979,CUST-1000979,savings,2021-11-23,0,closed,BR-186
ACC-00000980,CUST-1000980,savings,2021-05-18,0,closed,
ACC-00000981,CUST-1000981,checking,2024-01-27,0,active,BR-110
ACC-00000982,CUST-1000982,credit_card,2024-12-18,12989,closed,BR-195
ACC-00000983,CUST-1000983,checking,2021-05-08,0,active,BR-163
ACC-00000984,CUST-1000984,checking,2023-09-23,0,active,BR-139
ACC-00000985,CUST-1000985,credit_card,2019-02-01,14780,active,BR-123
ACC-00000986,CUST-1000986,savings,2023-05-25,0,active,BR-159
ACC-00000987,CUST-1000987,savings,2020-08-16,0,active,BR-116
ACC-00000988,CUST-1000988,savings,2019-09-23,0,active,BR-194
ACC-00000989,CUST-1000989,checking,2021-01-19,0,active,BR-156
ACC-00000990,CUST-1000990,credit_card,2025-02-15,7589,active,BR-152
ACC-00000991,CUST-1000991,credit_card,2022-06-16,35812,active,BR-108
ACC-00000992,CUST-1000992,savings,2023-02-26,0,active,BR-188
ACC-00000993,CUST-1000993,checking,2023-09-21,0,active,BR-175
ACC-00000994,CUST-1000994,savings,2025-06-13,0,active,BR-114
ACC-00000995,CUST-1000995,checking,2021-01-16,0,active,BR-178
ACC-00000996,CUST-1000996,checking,2024-11-15,0,active,BR-138
ACC-00000997,CUST-1000997,loan,2023-01-19,29128,dormant,BR-131
ACC-00000998,CUST-1000998,checking,2024-06-29,0,active,BR-119
ACC-00000999,CUST-1000999,loan,2025-01-20,46939,active,
ACC-00001000,CUST-1001000,savings,2023-03-05,0,active,BR-176
